incident_number,incident_id,title,summary,details,status,service,created_at,updated_at,category
1,Q392ZO4JIDX3PF,The server is on fire.,[#1] The server is on fire.,"A disk is getting full on this machine. You should investigate what is causing the disk to fill, and ensure that there is an automated process in place for ensuring data is rotated (eg. logs should have logrotate around them). If data is expected to stay on this disk forever, you should start planning to scale up to a larger disk.",resolved,My Web App,2024-03-02T02:55:09Z,2024-03-02T02:58:24Z,Disk Capacity Issue
2,Q3XAXM7S5OAKWZ,QuantumQuake Catastrophe,[#2] QuantumQuake Catastrophe,"In the not-so-distant future, a cutting-edge research facility dedicated to quantum computing experiences a catastrophic event known as the QuantumQuake. The incident unfolds when an experimental quantum computing system, designed to push the boundaries of information processing, malfunctions unexpectedly.",resolved,My Web App,2024-03-02T03:02:11Z,2024-03-02T07:02:11Z,Hardware Failure
3,Q0Z0WK78LTB1HT,ChronoCollapse,[#3] ChronoCollapse,"In a clandestine government research facility, Project ChronoCollapse, a groundbreaking experiment in temporal manipulation, goes awry, sparking a catastrophic incident with far-reaching consequences. The experiment aimed to explore the manipulation of time for strategic advantages, but an unforeseen anomaly fractures the temporal continuum.",resolved,My Web App,2024-03-02T03:07:02Z,2024-03-02T07:07:02Z,Hardware Failure
4,Q2DDU3YSN72X0Y,The server is on fire.,[#4] The server is on fire.,"A disk is getting full on this machine. You should investigate what is causing the disk to fill, and ensure that there is an automated process in place for ensuring data is rotated (eg. logs should have logrotate around them). If data is expected to stay on this disk forever, you should start planning to scale up to a larger disk.",triggered,PulseGuard,2024-03-07T10:34:49Z,2024-03-07T11:34:49Z,Disk Capacity Issue
5,Q3FTXWZF7O4MAT,Delayed Delivery Notifications,[#5] Delayed Delivery Notifications,This incident refers to a situation where the delivery notifications sent to customers are delayed beyond the expected time frame. This could result in customer dissatisfaction and inquiries regarding the status of their deliveries. It requires swift resolution to ensure customer satisfaction and maintain the reputation of SwiftServe Couriers as a reliable delivery service,resolved,SwiftServe Couriers,2024-03-07T15:08:35Z,2024-03-07T19:08:35Z,".Service Outage"
6,Q3AYAQNHD525J9,Alerting a Medical Emergency,[#6] Alerting a Medical Emergency," A PulseGuard wearable detected an irregular heart rate in a user, automatically notifying emergency services and potentially saving a life.",triggered,PulseGuard,2024-03-07T15:17:56Z,2024-03-07T16:17:56Z,Hardware Failure
7,Q2N8K3OXRHE8RT,Lost and Found Pet,[#7] Lost and Found Pet,"A customer attached a PulseGuard device to their pet's collar, aiding in the swift recovery of a lost dog by providing real-time location updates to the owner.",triggered,PulseGuard,2024-03-07T15:21:37Z,2024-03-07T15:21:37Z,Hardware Failure
8,Q0WJB0MYX6JTH8,Data Security Scare,[#8] Data Security Scare,"PulseGuard swiftly addressed and resolved concerns over a potential data breach, assuring users of enhanced security measures and transparency in communication.",triggered,PulseGuard,2024-03-07T15:29:50Z,2024-03-07T15:29:50Z,Security Breach
9,Q00CWAHJYD2PZG,Fitness Challenge Triumph,[#9] Fitness Challenge Triumph,"PulseGuard organized a virtual fitness challenge for its users, resulting in a surge of community engagement and healthier lifestyles.",triggered,PulseGuard,2024-03-07T15:31:28Z,2024-03-07T15:31:28Z,Service Outage/Event
10,Q3XWXHL7EAUWRC,Community Outreach Program,[#10] Community Outreach Program," PulseGuard initiated a program offering free devices to local community centers, promoting health awareness and preventive care among underserved populations.",triggered,PulseGuard,2024-03-07T15:32:56Z,2024-03-07T16:32:58Z,Program Promotion/Initiative
11,Q0V95ZK4IUEH89,Celebrity Endorsement,[#11] Celebrity Endorsement,"A well-known personality publicly endorsed PulseGuard, leading to a spike in demand and visibility for the service.",triggered,PulseGuard,2024-03-07T15:34:34Z,2024-03-07T15:34:34Z,Marketing/Sales-related Incident
12,Q3HFVAH19PCV4L,Smart Home Integration,[#12] Smart Home Integration,"PulseGuard successfully integrated its technology with popular smart home systems, allowing users to monitor their health seamlessly alongside other connected devices.",triggered,PulseGuard,2024-03-07T15:36:32Z,2024-03-07T16:36:34Z,Configuration Error
13,Q2Z77D6ZTH4TRM,Extreme Sports Rescue,[#13] Extreme Sports Rescue,"A PulseGuard device worn by an extreme sports enthusiast triggered an emergency alert after a severe fall, prompting a timely rescue operation.",triggered,PulseGuard,2024-03-07T15:42:24Z,2024-03-07T15:42:24Z,Configuration Error
14,Q002MGYKC3072W,Service Outage,[#14] Service Outage,"SwiftServe Couriers' systems are experiencing an outage, resulting in the inability to process orders and track deliveries. Immediate investigation and resolution are necessary to restore service functionality.",resolved,SwiftServe Couriers,2024-03-07T15:45:23Z,2024-03-07T19:45:25Z,Service Outage
15,Q0MBDRYOAPDK0U,Virtual Health Fair,[#15] Virtual Health Fair,"PulseGuard hosted an online health fair, providing users with expert advice, live Q&A sessions, and exclusive discounts on related health and wellness products.",triggered,PulseGuard,2024-03-07T15:46:06Z,2024-03-07T15:46:06Z,Service Outage
16,Q0TS9B4JHJIFKH,Data Breach Alert,[#16] Data Breach Alert,"An unauthorized access attempt or data breach has been detected within SwiftServe Couriers' systems, potentially compromising customer information. Urgent action is required to contain the breach and mitigate any potential damages..",resolved,SwiftServe Couriers,2024-03-07T15:47:28Z,2024-03-07T19:47:28Z,Security Breach
17,Q1TQXVF1G0Z7BJ,Data Breach Alert,[#17] Data Breach Alert,"An unauthorized access attempt or data breach has been detected within SwiftServe Couriers' systems, potentially compromising customer information. Urgent action is required to contain the breach and mitigate any potential damages..",resolved,SwiftServe Couriers,2024-03-07T15:47:42Z,2024-03-07T19:47:42Z,Security Breach
18,Q30WH4ULI4O3YC,Pet Health Insights,[#18] Pet Health Insights,"PulseGuard introduced a new feature for pet owners, offering real-time health insights and trends for their furry companions, leading to improved pet care.",triggered,PulseGuard,2024-03-07T15:48:16Z,2024-03-07T16:48:17Z,Software Feature/Enhancement
19,Q1S5G6D7F3PM89,Routing Failure,[#19] Routing Failure,"Delivery routes are experiencing failures, leading to delays and missed deliveries. Swift investigation and adjustment of routing algorithms are needed to optimize efficiency and ensure timely deliveries",resolved,SwiftServe Couriers,2024-03-07T15:48:44Z,2024-03-07T19:48:44Z,"Performance Degradation"
20,Q3CK69MVI77OA9,Weather-Triggered Alerts,[#20] Weather-Triggered Alerts,"PulseGuard's weather-sensitive algorithm sent alerts to users advising precautions based on environmental conditions, such as extreme temperatures or air quality concerns.",triggered,PulseGuard,2024-03-07T15:49:07Z,2024-03-07T16:49:07Z,Environmental Condition Concern
21,Q1IU4TPZUSSEW7,Weather-Triggered Alerts,[#21] Weather-Triggered Alerts,"PulseGuard's weather-sensitive algorithm sent alerts to users advising precautions based on environmental conditions, such as extreme temperatures or air quality concerns.",triggered,PulseGuard,2024-03-07T15:49:17Z,2024-03-07T16:49:17Z,Performance Degradation
22,Q1N8HBCDERDR8M,Package Loss,[#22] Package Loss,"Multiple reports indicate packages are missing from distribution centers or in transit, leading to customer frustration and loss of trust. Immediate search and recovery efforts must be initiated to locate and deliver missing packages.",resolved,SwiftServe Couriers,2024-03-07T15:49:56Z,2024-03-07T19:49:57Z,Service Outage
23,Q1BZOV28MAEDJC,Payment Processing Issue,[#23] Payment Processing Issue,"Customers are encountering errors while attempting to make payments for delivery services, disrupting the checkout process. Swift resolution is essential to minimize revenue loss and maintain customer satisfaction.",resolved,SwiftServe Couriers,2024-03-07T15:51:13Z,2024-03-07T19:51:13Z,Service Outage
24,Q01WN7KU7KVCW2,Website Downtime,[#24] Website Downtime,"The SwiftServe Couriers website is inaccessible, preventing customers from placing orders or tracking deliveries online. Timely restoration of website functionality is crucial to minimize business disruption and customer inconvenience.",resolved,SwiftServe Couriers,2024-03-07T15:51:54Z,2024-03-07T19:51:57Z,Service Outage
25,Q0PUPX4FCND1IW,Vehicle Breakdown,[#25] Vehicle Breakdown,"A significant number of delivery vehicles are experiencing mechanical issues, impacting the capacity to fulfill orders on time. Rapid dispatch of repair services or replacement vehicles is necessary to resume operations swiftly.",resolved,SwiftServe Couriers,2024-03-07T15:54:11Z,2024-03-07T19:54:15Z,Hardware Failure
26,Q1Q1Y5DWM4X4JY,Virtual Health Coaching,[#26] Virtual Health Coaching,"PulseGuard rolled out a virtual health coaching service, providing personalized guidance and support for users aiming to achieve specific health and wellness goals.",triggered,PulseGuard,2024-03-07T15:56:56Z,2024-03-07T15:56:56Z,Service Outage
27,Q1FK5QPP0BEW27,Accidental Fall Detection,[#27] Accidental Fall Detection,"A PulseGuard user experienced a fall, and the device's advanced sensors accurately detected the incident, automatically notifying emergency contacts for a prompt response.",triggered,PulseGuard,2024-03-07T16:01:04Z,2024-03-07T17:01:04Z,Hardware Failure
28,Q2V3MF8D2PL8OL,Heart Health Challenge,[#28] Heart Health Challenge,"PulseGuard organized a month-long heart health challenge, encouraging users to share their fitness achievements and inspiring others to prioritize cardiovascular well-being.",triggered,PulseGuard,2024-03-07T16:02:49Z,2024-03-07T16:02:49Z,Performance Degradation
29,Q3PZCP51LVF79O,PulseGuard for Seniors,[#29] PulseGuard for Seniors,"The service introduced a simplified version tailored for seniors, featuring larger interfaces and easy-to-use functionalities to promote independent living.",triggered,PulseGuard,2024-03-07T16:03:45Z,2024-03-07T16:03:45Z,Configuration Error
30,Q22XBFAVD69NPO,Health Gamification,[#30] Health Gamification,"PulseGuard gamified health tracking, turning daily activities into a friendly competition among users and enhancing motivation for maintaining an active lifestyle.",triggered,PulseGuard,2024-03-07T16:04:50Z,2024-03-07T17:04:50Z,Performance Degradation
31,Q05UAMS7IATJLG,Elderly Community Support,[#31] Elderly Community Support,"PulseGuard initiated a community outreach program, providing free devices and tutorials to elderly individuals, fostering a sense of security and connectivity among seniors.",triggered,PulseGuard,2024-03-07T16:06:34Z,2024-03-07T16:06:34Z,No Category
32,Q06N3TM05FN40Z,AI-driven Predictive Health Analysis,[#32] AI-driven Predictive Health Analysis,"PulseGuard implemented artificial intelligence to analyze user health data, offering proactive suggestions for preventive measures and personalized health insights.",triggered,PulseGuard,2024-03-07T16:07:25Z,2024-03-07T16:07:25Z,Configuration Error
33,Q32MR8XBV36B5K,Sleep Quality Improvement,[#33] Sleep Quality Improvement,"PulseGuard introduced a sleep tracking feature that helped users optimize their sleep patterns, leading to widespread improvements in overall sleep quality.",triggered,PulseGuard,2024-03-07T16:09:13Z,2024-03-07T17:09:13Z,Data corruption
34,Q3YQ8C4SPTPIHW,Emergency Response Team Integration,[#34] Emergency Response Team Integration,"PulseGuard partnered with local emergency response teams to seamlessly connect with users in distress, reducing response times and enhancing emergency services.",triggered,PulseGuard,2024-03-07T16:10:09Z,2024-03-07T17:10:09Z,Service Outage
35,Q0OMYZRB34B052,PulseGuard Wellness Retreat,[#35] PulseGuard Wellness Retreat,"The service organized a wellness retreat, bringing together users for a weekend of fitness activities, workshops, and expert-led seminars on holistic health.",triggered,PulseGuard,2024-03-07T16:11:58Z,2024-03-07T16:11:58Z,Service Outage
36,Q3WKYH29MA5LO8,Community Charity Walk,[#36] Community Charity Walk," PulseGuard users participated in a virtual charity walk, with each step contributing to a donation for a health-related cause, fostering a sense of community and philanthropy.",triggered,PulseGuard,2024-03-07T16:13:02Z,2024-03-07T16:13:02Z,Service Outage
37,Q3PL454TGKSKLN,Severe Weather Alert,[#37] Severe Weather Alert,"Adverse weather conditions, such as storms or heavy snowfall, are impeding delivery operations and endangering courier safety. Contingency plans must be activated to ensure employee safety and minimize service disruptions.",resolved,SwiftServe Couriers,2024-03-07T16:13:31Z,2024-03-07T20:13:31Z,Service Outage
38,Q2JAETRZY35M7C,Inventory Shortage,[#38] Inventory Shortage,"SwiftServe Couriers' inventory levels are below optimal thresholds, leading to delays in fulfilling orders and potential stockouts. Immediate replenishment efforts and inventory management adjustments are required to meet customer demand",resolved,SwiftServe Couriers,2024-03-07T16:14:15Z,2024-03-07T20:14:17Z,"Performance Degradation"
39,Q06FS825JY2D7J,Medical Professional Collaboration,[#39] Medical Professional Collaboration,"PulseGuard collaborated with healthcare professionals to provide users with tailored health recommendations based on continuous monitoring data, promoting proactive healthcare.",triggered,PulseGuard,2024-03-07T16:14:24Z,2024-03-07T17:14:25Z,Software Bug
40,Q14YSNKALC9PMX,Customer Complaint Escalation,[#40] Customer Complaint Escalation,"A significant number of customers have escalated complaints regarding service quality, such as late deliveries or damaged packages. Proactive communication and resolution strategies must be implemented to address grievances and rebuild trust.",resolved,SwiftServe Couriers,2024-03-07T16:15:10Z,2024-03-07T20:15:11Z,Service Outage
41,Q3FS6K9PLB2062,Natural Disaster Preparedness,[#41] Natural Disaster Preparedness,"PulseGuard activated a feature to assist users in natural disaster-prone areas, offering safety tips, evacuation routes, and emergency contacts during times of crisis.",triggered,PulseGuard,2024-03-07T16:15:44Z,2024-03-07T17:15:44Z,Service Outage
42,Q3V40JK89VE5AL,Late Delivery Alert,[#42] Late Delivery Alert," Customers have reported receiving deliveries after the promised timeframe, indicating potential delays in the courier service's operations. Immediate investigation and communication with affected customers are necessary to address concerns and prevent recurrence.",resolved,SwiftServe Couriers,2024-03-07T16:17:02Z,2024-03-07T20:17:02Z,Service Outage
44,Q0EU7EKWEQAW6C,Mobile App Unavailability,[#44] Mobile App Unavailability," Users are unable to access the SwiftServe Couriers mobile application, hindering their ability to track deliveries and place orders on-the-go. Swift resolution is crucial to restore app functionality and ensure seamless customer experience.",resolved,SwiftServe Couriers,2024-03-07T16:17:37Z,2024-03-07T20:17:37Z,Service Outage
45,Q38VL0G60W8VPS,Traffic Congestion Impact,[#45] Traffic Congestion Impact," Increased traffic congestion in certain areas is causing delays in delivery routes, leading to longer delivery times. Coordination with drivers and rerouting strategies are essential to mitigate the impact of traffic on delivery operations.",resolved,SwiftServe Couriers,2024-03-07T16:18:36Z,2024-03-07T20:18:36Z,Performance Degradation
46,Q2R171GRXI7PMS,PulseGuard Kids Edition,[#46] PulseGuard Kids Edition,"The service released a child-friendly version with colorful designs, gamified health challenges, and parent-controlled features to encourage healthy habits from a young age.",triggered,PulseGuard,2024-03-07T16:18:54Z,2024-03-07T17:18:59Z,Configuration Error
47,Q0G22E14OA9KNO,Unexpected Warehouse Shutdown,[#47] Unexpected Warehouse Shutdown,"SwiftServe Couriers' warehouse facility has unexpectedly shut down due to power outages or technical issues, halting order processing and shipment preparations. Immediate action is required to restore operations and minimize disruptions to delivery schedules.",resolved,SwiftServe Couriers,2024-03-07T16:19:21Z,2024-03-07T20:19:21Z,Service Outage
48,Q10ZWZ0MPYNFPJ,Personalized Meditation Guides,[#48] Personalized Meditation Guides,"PulseGuard introduced guided meditation sessions tailored to users' heart rate patterns, offering a unique and personalized relaxation experience.",triggered,PulseGuard,2024-03-07T16:19:49Z,2024-03-07T16:19:49Z,Performance Degradation
49,Q2TFSXWAFXHG8G,Customer Data Breach Concern,[#49] Customer Data Breach Concern,"Concerns have been raised regarding the security of customer data stored within SwiftServe Couriers' systems, potentially indicating a breach or vulnerability. Urgent investigation and communication with customers are essential to address privacy concerns and implement necessary security measures.",resolved,SwiftServe Couriers,2024-03-07T16:20:24Z,2024-03-07T20:20:24Z,Security Breach
50,Q3HSUJDQJ92WEI,Parcel Sorting System Failure,[#50] Parcel Sorting System Failure,"The automated parcel sorting system used by SwiftServe Couriers has experienced a critical failure, resulting in delays and potential misplacements of packages. Rapid repair and contingency measures are necessary to resume normal sorting operations.",resolved,SwiftServe Couriers,2024-03-07T16:20:53Z,2024-03-07T20:20:53Z,Hardware Failure
51,Q15BO0XNADKU5M,Corporate Wellness Challenges,[#51] Corporate Wellness Challenges," PulseGuard partnered with corporations to organize friendly wellness challenges among employees, fostering a healthy and competitive spirit within workplaces.",triggered,PulseGuard,2024-03-07T16:25:46Z,2024-03-07T16:25:46Z,Service Outage
52,Q1D9FZ7R82BTC7,Real-time Health Forums,[#52] Real-time Health Forums,"PulseGuard launched real-time health forums within its app, allowing users to connect, share experiences, and seek advice from a supportive online community.",triggered,PulseGuard,2024-03-07T16:27:06Z,2024-03-07T17:27:11Z,"Network Connectivity Problem"
53,Q05LLSCT4WIC5O,PulseGuard Health Podcast,[#53] PulseGuard Health Podcast,"The service launched a health and wellness podcast featuring experts discussing various topics, garnering a large following and becoming a trusted source for health advice.",triggered,PulseGuard,2024-03-07T16:30:34Z,2024-03-07T16:30:34Z,Health and Wellness Podcast/Broadcasting Service
54,Q08JFHJ9K76F9I,Smartwatch Integration,[#54] Smartwatch Integration,"PulseGuard seamlessly integrated with popular smartwatches, expanding its user base and allowing more individuals to access health monitoring features on their preferred devices.",triggered,PulseGuard,2024-03-07T16:36:17Z,2024-03-07T16:36:17Z,Performance Degradation
55,Q1ZI1BOYA861O6,AI-powered Health Predictions,[#55] AI-powered Health Predictions,"PulseGuard introduced an advanced AI feature that predicted potential health issues based on long-term user data, empowering individuals to take preventive actions.",triggered,PulseGuard,2024-03-07T16:36:57Z,2024-03-07T16:36:57Z,Software Bug
56,Q2RT0LJVQ9A17P,PulseGuard Challenges App,[#56] PulseGuard Challenges App,"The service developed a standalone app where users could participate in health challenges, earning rewards and creating a competitive yet supportive virtual environment.",triggered,PulseGuard,2024-03-07T16:37:49Z,2024-03-07T17:37:49Z,Performance Degradation
57,Q0XFRZGR9ZBB53,Global Health Awareness Campaign,[#57] Global Health Awareness Campaign,"PulseGuard initiated a global campaign promoting health awareness, encouraging users worldwide to share their health journeys and inspire positive lifestyle changes.",triggered,PulseGuard,2024-03-07T16:38:58Z,2024-03-07T17:38:59Z,Campaign/Marketing Related Issue
58,Q1QIJW65CLE29A,Personalized Nutrition Recommendations,[#58] Personalized Nutrition Recommendations,"PulseGuard partnered with nutrition experts to provide users with personalized dietary recommendations based on their health data, promoting holistic well-being.",triggered,PulseGuard,2024-03-07T16:40:57Z,2024-03-07T16:40:57Z,Software Bug
59,Q1EMXAC7CP92CM,PulseGuard for Athletes,[#59] PulseGuard for Athletes,"A specialized version of PulseGuard was designed for athletes, offering advanced performance tracking, recovery insights, and injury prevention tips to enhance athletic performance.",triggered,PulseGuard,2024-03-07T16:41:32Z,2024-03-07T16:41:32Z,Performance Degradation
60,Q33KZAVK4O5J8H,Community Health Clinics,[#60] Community Health Clinics,"PulseGuard collaborated with local clinics to organize community health check-up events, offering free consultations and device demonstrations for attendees.",triggered,PulseGuard,2024-03-07T16:42:10Z,2024-03-07T16:42:10Z,Service Outage
61,Q3IO5ZZ3ST4WFH,PulseGuard for Expectant Mothers,[#61] PulseGuard for Expectant Mothers,"The service introduced a dedicated feature for expectant mothers, monitoring vital signs and providing valuable insights to support a healthy pregnancy.",triggered,PulseGuard,2024-03-07T16:42:57Z,2024-03-07T17:42:58Z,Health Monitoring/Service Feature
62,Q2U2BJHDWX6YGA,Emergency Preparedness Webinars,[#62] Emergency Preparedness Webinars,"PulseGuard hosted webinars on emergency preparedness, educating users on first aid, CPR, and other life-saving skills, contributing to a more resilient user community.",triggered,PulseGuard,2024-03-07T16:43:44Z,2024-03-07T17:43:49Z,Service Outage
63,Q27C2P8RCU6NHN,Global Fitness Challenge,[#63] Global Fitness Challenge,"PulseGuard initiated a month-long global fitness challenge, encouraging users from different countries to collectively achieve a fitness goal, fostering a sense of global community.",triggered,PulseGuard,2024-03-07T16:45:42Z,2024-03-07T17:45:43Z,Service Outage
64,Q0P8CV1RCBAHYE,PulseGuard Youth Initiative,[#64] PulseGuard Youth Initiative,"The service launched an educational program in schools, teaching students about the importance of heart health and providing PulseGuard devices for practical learning experiences.",triggered,PulseGuard,2024-03-07T16:47:02Z,2024-03-07T17:47:05Z,Health & Safety Program/Initiative
65,Q2BLIZU6DQPT8P,Holistic Well-being Retreat,[#65] Holistic Well-being Retreat,"PulseGuard organized a holistic well-being retreat, incorporating mindfulness, nutrition workshops, and fitness activities to address overall wellness for participants.",triggered,PulseGuard,2024-03-07T16:48:07Z,2024-03-07T17:48:07Z,Service Outage
66,Q31BCIIGARO26D,Virtual Reality Fitness Classes,[#66] Virtual Reality Fitness Classes,"PulseGuard introduced virtual reality fitness classes, allowing users to engage in immersive workouts from the comfort of their homes using VR headsets.",triggered,PulseGuard,2024-03-07T16:49:02Z,2024-03-07T16:49:02Z,Performance Degradation
67,Q1TGODHRYZZFAC,PulseGuard Art Challenge,[#67] PulseGuard Art Challenge,"The service encouraged users to express their health journeys through art, resulting in a vibrant collection of user-generated artwork showcasing personal transformations.",triggered,PulseGuard,2024-03-07T16:49:41Z,2024-03-07T16:49:41Z,Software Bug
68,Q2PMAHBYG0WVNR,Heart Health Awareness Month,[#68] Heart Health Awareness Month,"PulseGuard declared a dedicated month to raise awareness about heart health, offering free screenings, educational materials, and incentives for users participating in related activities.",triggered,PulseGuard,2024-03-07T16:51:28Z,2024-03-07T17:51:32Z,Service Outage
69,Q0092VD8IPSWKO,Smart Health Goals Planner,[#69] Smart Health Goals Planner,"PulseGuard launched a feature that helped users set and track personalized health goals, providing regular progress updates and motivational prompts.",triggered,PulseGuard,2024-03-07T16:52:34Z,2024-03-07T17:52:35Z,Performance Degradation
70,Q0ME2KLEZ5K3C6,PulseGuard for Mental Health,[#70] PulseGuard for Mental Health,"The service expanded its focus to mental health, introducing features that monitored stress levels and provided resources for mindfulness and stress management.",triggered,PulseGuard,2024-03-07T16:53:18Z,2024-03-07T17:53:23Z,Performance Degradation
71,Q17KJESGIGTMF9,PulseGuard VR Relaxation Experiences,[#71] PulseGuard VR Relaxation Experiences,"Users could now access virtual reality relaxation experiences, designed to reduce stress and promote mental well-being through calming environments and guided meditations.",triggered,PulseGuard,2024-03-07T16:54:02Z,2024-03-07T16:54:02Z,Performance Degradation
72,Q2LAQZBKJPA12G,PulseGuard Adventure Series,[#72] PulseGuard Adventure Series,"The service introduced an adventure series, challenging users to explore new outdoor activities while tracking their health metrics, promoting an active and adventurous lifestyle.",triggered,PulseGuard,2024-03-07T16:54:49Z,2024-03-07T16:54:49Z,Performance Degradation
73,Q25DYLCIFOOXD9,Inventory Management Error,[#73] Inventory Management Error,"Discrepancies in inventory records have been identified, leading to challenges in accurately tracking available stock and fulfilling orders. Immediate reconciliation and corrective actions are essential to prevent order fulfillment delays and improve inventory accuracy.",resolved,SwiftServe Couriers,2024-03-07T18:13:48Z,2024-03-07T22:13:53Z,Inventory Management Issue
74,Q30CYL0GIERRZG,Regional Weather Advisory,[#74] Regional Weather Advisory," Severe weather conditions, such as hurricanes or heavy snowfall, are forecasted in certain regions serviced by SwiftServe Couriers, posing risks to delivery operations and employee safety. Proactive monitoring and contingency planning are necessary to minimize service disruptions and ensure employee well-being.",resolved,SwiftServe Couriers,2024-03-07T18:14:27Z,2024-03-07T22:14:29Z,Service Outage
75,Q2WC652K6EP8CA,Customer Complaint Escalation,[#75] Customer Complaint Escalation," A significant increase in customer complaints related to delivery issues, such as damaged packages or incorrect items, requires immediate attention. Swift investigation and resolution of customer grievances are essential to uphold service standards and restore customer confidence.",resolved,SwiftServe Couriers,2024-03-07T18:15:11Z,2024-03-07T22:15:11Z,Customer Service Issue
76,Q0XBD33NF4KFSS,Payment Gateway Downtime,[#76] Payment Gateway Downtime,"The payment gateway used for processing customer transactions is experiencing downtime, preventing customers from completing purchases and causing revenue loss. Timely resolution and communication with affected parties are necessary to minimize the impact on business operations.",resolved,SwiftServe Couriers,2024-03-07T18:15:53Z,2024-03-07T22:15:53Z,Service Outage
77,Q29YTT8VJVWDWC,Vehicle Maintenance Delay,[#77] Vehicle Maintenance Delay,"Several delivery vehicles are delayed due to unexpected maintenance issues, impacting the timeliness of deliveries. Immediate dispatch of alternative vehicles or resolution of maintenance issues is required to minimize delivery disruptions.",resolved,SwiftServe Couriers,2024-03-07T18:16:47Z,2024-03-07T22:16:47Z,Service Outage
78,Q32TWT6MUTNLED,Communication Network Outage,[#78] Communication Network Outage," SwiftServe Couriers' communication network, essential for coordinating deliveries and driver communication, is experiencing an outage. Swift resolution is necessary to restore communication channels and ensure operational efficiency.",resolved,SwiftServe Couriers,2024-03-07T18:17:27Z,2024-03-07T22:17:28Z,Service Outage
79,Q3VXRROAEIIRDV,Security Breach Investigation,[#79] Security Breach Investigation," An unauthorized access attempt or security breach has been detected within SwiftServe Couriers' IT infrastructure, raising concerns about data integrity and customer privacy. Urgent investigation and remediation efforts are necessary to safeguard sensitive information and restore trust.",resolved,SwiftServe Couriers,2024-03-07T18:18:02Z,2024-03-07T22:18:02Z,Security Breach
80,Q37ICWS7ZRF1HK,Parcel Sorting Algorithm Error,[#80] Parcel Sorting Algorithm Error,An error in the parcel sorting algorithm has resulted in misrouted packages and delivery delays. Immediate debugging and correction of the sorting algorithm are required to streamline package handling and improve delivery accuracy.,resolved,SwiftServe Couriers,2024-03-07T18:18:48Z,2024-03-07T22:18:50Z,Software Bug
81,Q2C8YET02BSLFF,Third-Party Service Disruption,[#81] Third-Party Service Disruption," A critical service provided by a third-party vendor, essential for SwiftServe Couriers' operations, is experiencing an outage or disruption. Collaborative efforts with the vendor and implementation of contingency plans are necessary to minimize service disruptions.",resolved,SwiftServe Couriers,2024-03-07T18:20:30Z,2024-03-07T22:20:32Z,Service Outage
82,Q2XQ11HBSU1X4Q,Delivery Address Verification Failure,[#82] Delivery Address Verification Failure,"Verification checks for delivery addresses are failing, leading to issues with address accuracy and potential delivery rejections. Immediate review and validation of address verification processes are necessary to ensure successful deliveries and customer satisfaction.",resolved,SwiftServe Couriers,2024-03-07T18:21:06Z,2024-03-07T22:21:07Z,Configuration Error
83,Q3D6FS4ACGUJKG,Supply Chain Disruption,[#83] Supply Chain Disruption,"Disruptions in the supply chain, such as delays in receiving essential delivery materials or inventory shortages, are impacting SwiftServe Couriers' ability to fulfill orders promptly. Proactive communication with suppliers and contingency planning are essential to mitigate supply chain disruptions.",resolved,SwiftServe Couriers,2024-03-07T18:21:56Z,2024-03-07T22:21:57Z,Supply Chain Disruption
84,Q36WFH3KU1HNUC,Traffic Accident Impact,[#84] Traffic Accident Impact,A traffic accident along a major delivery route has caused road closures and significant delays in delivery schedules. Coordination with local authorities and implementation of alternative routing strategies are necessary to minimize delivery disruptions and ensure timely service.,resolved,SwiftServe Couriers,2024-03-07T18:22:26Z,2024-03-07T22:22:32Z,Service Outage
85,Q285RQAFZCKT9J,Fraudulent Activity Detection,[#85] Fraudulent Activity Detection," Suspicious patterns of fraudulent activity, such as unauthorized access attempts or fraudulent orders, have been detected within SwiftServe Couriers' systems. Immediate investigation and implementation of fraud prevention measures are necessary to protect against financial losses and maintain customer trust",resolved,SwiftServe Couriers,2024-03-07T18:22:57Z,2024-03-07T22:22:57Z,"Security Breach"
86,Q0EJDHNGSEK2F9,Emergency Delivery Request,[#86] Emergency Delivery Request," An urgent request for delivery services has been received, requiring immediate attention and prioritization of resources. Swift deployment of delivery personnel and coordination with relevant stakeholders are necessary to fulfill the emergency request within the required timeframe.",resolved,SwiftServe Couriers,2024-03-07T18:23:53Z,2024-03-07T22:23:54Z,Service Outage
87,Q1CNHN6HB330IY,Package Theft Alert,[#87] Package Theft Alert,"Reports indicate instances of package theft in certain delivery areas, raising concerns about the security of deliveries. Swift investigation and implementation of additional security measures are necessary to prevent further incidents and reassure customers.",resolved,SwiftServe Couriers,2024-03-07T18:24:48Z,2024-03-07T22:24:48Z,Security Breach
88,Q3Q2XJ4WVUJ34L,Customer Service Escalation,[#88] Customer Service Escalation,A surge in customer inquiries and complaints regarding delivery issues requires immediate escalation and dedicated support. Swift allocation of resources and proactive communication with affected customers are essential to address concerns promptly.,resolved,SwiftServe Couriers,2024-03-07T18:25:19Z,2024-03-07T22:25:19Z,Service Outage
89,Q0BWBDUPVI42P8,GPS Tracking Malfunction,[#89] GPS Tracking Malfunction,"An error in the GPS tracking system is causing inaccuracies in delivery tracking information, leading to customer confusion and dissatisfaction. Immediate troubleshooting and correction of the tracking system are necessary to restore accurate tracking data.",resolved,SwiftServe Couriers,2024-03-07T18:25:59Z,2024-03-07T22:26:00Z,Performance Degradation
90,Q3DGBDMHV1RRF6,Delivery Driver Shortage,[#90] Delivery Driver Shortage,nsufficient staffing of delivery drivers is resulting in delays and capacity constraints for order fulfillment. Swift recruitment efforts and temporary staffing solutions are required to address the driver shortage and maintain service levels.,resolved,SwiftServe Couriers,2024-03-07T18:26:39Z,2024-03-07T22:26:39Z,System Capacity Issue
91,Q1EV27EZU28SMC,Extreme Temperature Advisory,[#91] Extreme Temperature Advisory,"Extreme temperatures, such as heatwaves or freezing conditions, are affecting delivery operations and potentially compromising the integrity of perishable goods. Implementation of temperature control measures and adjustment of delivery schedules are necessary to mitigate risks and ensure product quality.",resolved,SwiftServe Couriers,2024-03-07T18:27:26Z,2024-03-07T22:27:26Z,Service Outage
92,Q14U1L0HHILMW7,Inventory System Integration Failure,[#92] Inventory System Integration Failure,Integration errors between SwiftServe Couriers' inventory management system and external platforms are causing discrepancies in stock levels and order processing. Immediate investigation and resolution of integration issues are required to synchronize inventory data accurately.,resolved,SwiftServe Couriers,2024-03-07T18:28:11Z,2024-03-07T22:28:14Z,Configuration Error
93,Q2TZX9PNBER5R8,Customer Account Compromise,[#93] Customer Account Compromise,"Reports of unauthorized access to customer accounts raise concerns about account security and potential data breaches. Immediate action is necessary to secure customer accounts, reset credentials, and investigate the source of the compromise..",resolved,SwiftServe Couriers,2024-03-07T18:29:00Z,2024-03-07T22:29:00Z,Security Breach
94,Q11EDY3DX5K6RW,Delivery Route Optimization Error,[#94] Delivery Route Optimization Error,Errors in the delivery route optimization algorithm are resulting in inefficient routing and extended delivery times. Immediate review and optimization of routing algorithms are necessary to improve delivery efficiency and reduce transit times.,resolved,SwiftServe Couriers,2024-03-07T18:29:39Z,2024-03-07T22:29:40Z,Performance Degradation
95,Q043S8IB5MFWQO,Service Level Agreement (SLA) Breach,[#95] Service Level Agreement (SLA) Breach,"SwiftServe Couriers have failed to meet the agreed-upon service level agreements (SLAs) with customers, resulting in penalties and dissatisfaction. Immediate corrective actions and service improvements are required to align with SLA requirements and restore customer confidence.",resolved,SwiftServe Couriers,2024-03-07T18:30:16Z,2024-03-07T22:30:16Z,Service Outage
96,Q3GELQC97B4HA8,Package Mishandling Investigation,[#96] Package Mishandling Investigation,Reports of mishandled packages and instances of damaged goods during transit require immediate investigation and corrective measures. Proactive communication with affected customers and implementation of enhanced packaging protocols are necessary to prevent recurrence and maintain service quality.,resolved,SwiftServe Couriers,2024-03-07T18:31:00Z,2024-03-07T22:31:01Z,Hardware Failure
97,Q3V82TRD13EL44,Customs Clearance Delay,[#97] Customs Clearance Delay,"Shipments are experiencing delays in customs clearance processes, resulting in extended transit times and potential penalties. Swift coordination with customs authorities and documentation revision are necessary to expedite clearance and minimize disruptions.",resolved,SwiftServe Couriers,2024-03-07T18:32:09Z,2024-03-07T22:32:10Z,Performance Degradation
98,Q354N4K6DEYU1E,Unforeseen Road Closure,[#98] Unforeseen Road Closure,Unexpected road closures due to construction or accidents are hindering delivery routes and causing delays. Immediate rerouting and communication with affected customers are necessary to mitigate delivery disruptions and maintain service standards.,resolved,SwiftServe Couriers,2024-03-07T18:32:47Z,2024-03-07T22:32:47Z,Service Outage
99,Q1ZPFM897V8G79,Package Mislabeling Issue,[#99] Package Mislabeling Issue,"Instances of package mislabeling have been identified, leading to confusion and potential misdelivery of parcels. Immediate investigation and implementation of labeling quality control measures are necessary to ensure accurate package identification and delivery.",resolved,SwiftServe Couriers,2024-03-07T18:33:29Z,2024-03-07T22:33:29Z,Configuration Error
100,Q3NSD2RWB9GQLI,Vehicle Break-in Alert,[#100] Vehicle Break-in Alert,"Reports of break-ins or thefts involving delivery vehicles raise concerns about the security of shipments in transit. Swift investigation, security enhancements, and coordination with law enforcement are necessary to prevent further incidents and safeguard deliveries.",resolved,SwiftServe Couriers,2024-03-07T18:34:06Z,2024-03-07T22:34:06Z,Security Breach
101,Q2JCXFSG583IJ0,Subscription Delivery Failure,[#101] Subscription Delivery Failure,Subscribers to SwiftServe Couriers' subscription delivery service are experiencing failures in receiving scheduled deliveries. Immediate troubleshooting and subscription management review are necessary to address subscription-related issues and ensure timely deliveries.,resolved,SwiftServe Couriers,2024-03-07T18:34:34Z,2024-03-07T22:34:35Z,Service Outage
102,Q1OKJG59NJBFW2,Inclement Weather Preparedness,[#102] Inclement Weather Preparedness,Anticipated severe weather conditions necessitate proactive planning and readiness measures to ensure employee safety and service continuity. Swift implementation of weather monitoring and contingency plans is crucial to minimize weather-related disruptions to operations.,resolved,SwiftServe Couriers,2024-03-07T18:35:22Z,2024-03-07T22:35:24Z,Service Outage
103,Q38TUGCUGCWF0F,Unexpected Volume Surge,[#103] Unexpected Volume Surge,"A sudden surge in delivery volume exceeds capacity, resulting in delays and potential order processing errors. Immediate resource allocation adjustments and operational optimizations are necessary to manage the increased workload and maintain service levels.",resolved,SwiftServe Couriers,2024-03-07T18:35:54Z,2024-03-07T22:35:54Z,Performance Degradation
104,Q0WKYB2NH2EE82,Cross-Border Shipping Compliance Alert,[#104] Cross-Border Shipping Compliance Alert,"Non-compliance issues with cross-border shipping regulations have been identified, posing risks of shipment rejection or fines. Swift review of shipping documentation and compliance training are necessary to ensure adherence to international shipping laws and regulations.",resolved,SwiftServe Couriers,2024-03-07T18:36:40Z,2024-03-07T22:36:40Z,Security Breach
105,Q012ZQ2ELTUM39,Server Outage,[#105] Server Outage,"Critical servers hosting essential services are experiencing downtime, disrupting access to key IT resources and impacting business operations. Immediate investigation and resolution are necessary to restore service functionality.",resolved,TechSavvy Solutions,2024-03-07T18:40:36Z,2024-03-07T22:40:38Z,Service Outage
106,Q06DZX7IIFCXGU,Network Connectivity Issue,[#106] Network Connectivity Issue,"Users are reporting difficulties connecting to the network, affecting access to shared files, applications, and internet services. Swift troubleshooting of network infrastructure and communication with affected users are essential to resolve connectivity issues promptly.",resolved,TechSavvy Solutions,2024-03-07T18:41:08Z,2024-03-07T22:41:08Z,Network Connectivity Problem
107,Q1G0G5NNTRD2RG,Cybersecurity Breach Alert,[#107] Cybersecurity Breach Alert,"An attempted or successful cybersecurity breach has been detected within TechSavvy Solutions' systems, compromising data security and potentially exposing sensitive information. Urgent investigation, containment, and remediation efforts are necessary to mitigate risks and protect against further threats.",resolved,TechSavvy Solutions,2024-03-07T18:41:51Z,2024-03-07T22:41:51Z,Security Breach
108,Q3WOQQWKA4IS11,Software Application Crash,[#108] Software Application Crash,"Critical business applications are experiencing crashes or performance degradation, hindering productivity and workflow efficiency. Immediate troubleshooting and application monitoring are required to identify and address the root cause of the software issues.",resolved,TechSavvy Solutions,2024-03-07T18:42:24Z,2024-03-07T22:42:25Z,Performance Degradation
109,Q3U62YFNE5OA1A,Data Loss Prevention Trigger,[#109] Data Loss Prevention Trigger,"An incident triggering data loss prevention measures has been detected, indicating potential data leakage or unauthorized access to sensitive information. Swift response and investigation are necessary to prevent further data loss and ensure compliance with data protection regulations.",resolved,TechSavvy Solutions,2024-03-07T18:43:10Z,2024-03-07T22:43:10Z,Security Breach
110,Q19O1MS9TBZ3PM,Email Service Disruption,[#110] Email Service Disruption,"The email service used by TechSavvy Solutions is experiencing disruptions, preventing users from sending or receiving emails. Immediate investigation and resolution of email server issues are necessary to restore communication functionality and minimize business disruptions.",resolved,TechSavvy Solutions,2024-03-07T18:43:46Z,2024-03-07T22:43:51Z,Service Outage
111,Q1IHR1P9V3RVWS,Endpoint Security Alert,[#111] Endpoint Security Alert,"An endpoint security system has detected suspicious activity or malware on company devices, posing risks to data integrity and system security. Swift isolation of affected devices, malware remediation, and security policy review are necessary to contain the threat and prevent further compromise.",resolved,TechSavvy Solutions,2024-03-07T18:44:21Z,2024-03-07T22:44:25Z,Security Breach
112,Q15XU11U3T0XWU,Website Downtime,[#112] Website Downtime,"The TechSavvy Solutions website is inaccessible, impacting online presence and customer engagement. Immediate investigation and resolution of web server issues are necessary to restore website functionality and maintain digital presence.",resolved,TechSavvy Solutions,2024-03-07T18:44:45Z,2024-03-07T22:44:45Z,Service outage
